{"cameraMode":{"drawMode":0,"name":"Shaded","section":"Shading Mode"},"sceneLighting":true,"audioPlay":false,"sceneViewState":{"m_AlwaysRefresh":false,"showFog":true,"showSkybox":true,"showFlares":true,"showImageEffects":true,"showParticleSystems":true,"showVisualEffectGraphs":true,"m_FxEnabled":true},"in2DMode":false,"pivot":{"x":-27.776029586791993,"y":1.6314539909362794,"z":-2.7401084899902345},"rotation":{"x":0.12210563570261002,"y":0.3699934184551239,"z":-0.04912504181265831,"w":0.9196649193763733},"size":12.771721839904786,"orthographic":false}